<?xml version="1.0" encoding="UTF-8"?>
<beans xmlns="http://www.springframework.org/schema/beans"
    xmlns:xsi="http://www.w3.org/2001/XMLSchema-instance"
    xmlns:p="http://www.springframework.org/schema/p"
    xmlns:context="http://www.springframework.org/schema/context"
    xsi:schemaLocation="http://www.springframework.org/schema/beans http://www.springframework.org/schema/beans/spring-beans-3.0.xsd
                        http://www.springframework.org/schema/context http://www.springframework.org/schema/context/spring-context-3.0.xsd">

    <!-- Quét các Controller -->
 
    <context:component-scan base-package="com.springmvc"></context:component-scan>

    <!-- Cấu hình View Resolver -->
    <bean class="org.springframework.web.servlet.view.InternalResourceViewResolver">
        <property name="prefix" value="/WEB-INF/views/"></property>
        <property name="suffix" value=".jsp"></property>
    </bean>

    <!-- Cấu hình kết nối MySQL -->
    <bean id="db" class="org.springframework.jdbc.datasource.DriverManagerDataSource">
        <property name="driverClassName" value="com.mysql.jdbc.Driver"></property>
  <property name="url" value="jdbc:mysql://localhost:3306/K22CNT2_VuDucKhoa_2210900032_pj3?useUnicode=true&amp;characterEncoding=UTF-8&amp;serverTimezone=UTC"></property>


        <property name="username" value="root"></property>
        <property name="password" value="vuduckhoa2004"></property>
    </bean>

    <!-- Khai báo JdbcTemplate -->
    <bean id="jt" class="org.springframework.jdbc.core.JdbcTemplate">
        <property name="dataSource" ref="db"></property>
    </bean>

    <!-- Bean cho Vdk_sanphamdao -->
    <bean id="dao" class="com.springmvc.dao.Vdk_sanphamdao">
        <property name="template" ref="jt"></property>
    </bean>

    <!-- Bean cho Vdk_thietbidao -->
    <bean id="thietbiDao" class="com.springmvc.dao.Vdk_thietbidao">
        <property name="template" ref="jt"></property>
    </bean>
    
</beans>
